2006,101,0.97,1.14,1.18,1.11,1.1,1.12,1.01,1.1,0.97,0.98,0.89,0.92,1.04
2006,201,4.16,3.28,2.88,2.96,3.29,3.33,4.63,3.11,3.83,3.26,4.06,5.48,3.69
2006,202,1.08,0.97,0.5,0.82,1,0.9399999999999999,0.82,0.86,0.77,1.22,3.09,4.38,1.37
2006,206,1.04,2.6,3.19,3.68,2.18,2.38,3.65,3.61,1.89,1.27,1.3,2.07,2.41
2006,208,3.25,3.13,3.01,3.05,3.33,3.92,5.49,4.56,4.38,5.64,5.6,6.36,4.31
2006,209,0.67,1.25,1.77,2.9,2.3,1.51,1.51,0.93,0.92,0.98,1.44,1.07,1.44
2006,210,0,0,2.35,1.95,0,0,0,0,0,0,0,0,2.15
2006,211,3.76,3.61,3.57,3.28,3.2,3.84,3.7,3.77,3.89,4.67,5.88,6.58,4.15
2006,302,1.71,1.67,1.84,2.13,3.07,3.25,3.33,2.32,1.39,1.4,1.26,1.4,2.06
2006,303,2.68,2.34,2.31,2.71,3.77,4.01,4.44,4.25,3.61,2.68,2.44,2.08,3.11
2006,305,0,0,0,2.38,2.65,2.72,2.71,1.99,1.43,0,0,0,2.31
2006,401,1.61,2,2.41,1.61,1.87,1.69,1.96,1.85,1.83,2.01,2.58,1.79,1.93
2006,501,1.69,0,0,0,0,0,4.09,3.42,3.19,0,0,0,3.1
2006,502,1.87,1.98,1.91,1.72,1.85,2.74,2.9,0,3.24,2.77,1.77,1.84,2.24
2006,601,0.5600000000000001,0.72,1.3,0.99,0.79,0.98,0.99,1.08,0.88,0.68,0.6,0.65,0.85
2006,701,2.49,2.27,1.9,1.47,1.69,1.57,1.34,1.7,1.62,1.28,1.57,2.13,1.75
2006,702,2.09,1.72,1.27,1.23,1.32,1.35,1.24,1.55,1.5,1.21,1.43,1.97,1.49
2006,703,1.73,0,0,0,0,1.33,1.13,1.42,1.21,0.89,0.89,1.54,1.27
2006,704,1.79,1.5,1.4,1.25,1.23,1.28,1.03,1.36,1.2,1,1.13,1.7,1.32
2006,705,0,0,0,0,0,0,2.1,0,0,0,0,0,2.1
2006,706,2.1,1.9,0,2.1,0,0,0,1.62,0,0,2.1,0,1.96
2006,707,0,0,0,0,0,0,0,1.33,0,0,0,0,1.33
2006,709,2.5,0,0,0,0,0,2.5,0,0,0,2.5,0,2.5
2006,801,2.68,2.2,2.46,3.23,2.58,2.5,2.4,2.43,2.94,2.43,2.63,2.67,2.6
2006,901,0.75,0.95,1.17,1.04,0.93,1.06,1.24,1.58,1.38,0.99,0.84,0.9399999999999999,1.07
2006,1001,1.4,0,0,0,0,0,1.63,1.84,1.78,2.09,1.48,2.55,1.82
2006,1002,1.14,1.11,1,0.97,0.88,0.84,0.88,1.13,1.03,0.93,0,1.39,1.03
2006,1201,0.86,0.89,0.84,0.7,0.75,0.66,0.72,0.66,0.59,0.51,0.38,0.34,0.66
2006,1202,0,0,0,0,0,0,0,0.66,0,0,0,0,0.66
2006,1203,0.55,0.66,0.61,0.54,0.61,0.52,0.53,0.66,0.62,0.53,0.41,0.36,0.55
2006,1301,1.1,0,0,0,0,0,0.95,0,0,0,1.15,0,1.07
2006,1302,1.5,0,0,0,0,1.35,1.5,0,0,0,1.5,0,1.46
2006,1305,1.35,0,0,1.3,0,0,1.3,1.07,0,0,1.3,0,1.26
2006,1306,0,0,0,0,0,0,0,1.17,0,0,0,0,1.17
2006,1401,0.39,0.31,0.52,0.49,0.5,1.29,0.84,0.87,0.9399999999999999,0.87,0.5,0.35,0.66
2006,1402,0.68,0.62,0.72,0.6899999999999999,0.59,0.58,0.57,0.86,1.34,1.45,0.6,0.37,0.76
2006,1403,2.61,3.06,2.99,2.62,2.38,2.85,4.35,3.17,2.83,2.65,2.75,2.86,2.93
2006,1501,0,0,0,0,0,0,0.26,0,0,0,0,0,0.26
2006,1502,0.46,0.47,0.46,0.47,0.59,0.43,0.35,0.3,0.28,0.32,0.32,0.29,0.4
2006,1503,0.53,0.57,0.57,0.55,0.62,0.45,0.4,0.35,0.35,0.42,0.53,0.36,0.48
2006,1601,0.57,0.66,0.7,0.62,0.58,0.47,0.36,0.42,0.5600000000000001,0.52,0.53,0.58,0.55
2006,1701,1.4,1.07,1.18,0.96,0.95,1.1,1.16,1,0.82,1.01,0.99,1.04,1.06
2006,1801,1.22,1.1,0.9,0.9,0.89,0.97,1.23,1.46,0.83,0.67,0.98,0.83,1
2006,1802,0.83,0.68,0,0,0,1.23,1.04,1.67,0.98,0.57,0.86,0.78,0.96
2006,1803,0,0,0,0,0,0,0,0.73,0.64,0,0,0,0.6899999999999999
2006,1804,1.34,1.25,1.31,1.25,1.33,1.6,1.63,2.07,1.29,0.87,1.25,1.12,1.36
2006,1902,3.5,0,0,3.3,0,0,2.9,0,0,0,3.1,0,3.2
2006,2001,3.61,3.63,3.64,3.73,3.91,3.64,3.56,3.66,3.64,3.6,3.44,3.57,3.64
2006,2101,0.95,1,1.58,1.68,1.54,1.57,1.13,1.3,1.28,1.06,1,1.16,1.27
2006,2201,1.3,1.68,1.8,2.06,1.68,1.49,1.33,1.73,1.47,1.46,1.25,1.16,1.53
2006,2202,0.89,0.79,0.88,0.77,0.72,0.76,0,0,0,0,0.89,0.82,0.82
2006,2204,0,0,0,3.7,0,0,3.1,0,0,0,3.3,0,3.37
2006,2205,0,3.3,0,0,0,3.25,3.3,2.73,0,0,2.5,0,3.02
2006,2206,0,0,0,3.4,0,0,3.5,3.55,0,0,3.3,0,3.44
2006,2207,3.9,3.3,3.9,0,3.88,3.78,3.66,3.33,3.27,3.75,3.76,3.64,3.65
2006,2209,0,0,0,0,0,0,1.9,0,0,0,0,0,1.9
2006,2210,2.5,0,3.2,2.1,0,0,1.9,1.91,1.86,1.93,1.96,0,2.17
2006,2211,2.5,0,0,0,0,0,0,0,0,0,0,0,2.5
2006,2212,0,0,0,3.65,0,0,3.5,2.9,0,0,3.3,0,3.34
2006,2213,3.2,0,3.2,3.65,0,0,0,0,0,0,0,0,3.35
2006,2214,0,0,0,3.3,0,2.25,2.5,0,0,0,2.1,0,2.54
2006,2301,0,3.9,0,5.3,0,0,4.9,3.67,0,0,4.1,0,4.37
2006,2303,0,0,0,5.3,0,4.75,0,4.1,0,0,0,0,4.72
2006,2401,1.95,0,1.9,1.75,0,0,1.9,1.47,0,0,1.9,0,1.81
2006,2403,2.5,2.3,2.3,2.3,0,2.5,2.3,1.87,0,0,2.3,0,2.3
2006,2404,0,0,0,0,0,0.97,0.63,0.55,0.68,1.04,0.67,0,0.76
2006,2405,1.02,0.87,0.91,0.7,0.7,1.17,0.72,0.83,1.04,1.22,0.87,0.84,0.91
2006,2407,0,0,0,0,0,0,0,2.37,0,0,0,0,2.37
2006,2501,1.15,1.32,1.77,1.28,1.41,1.25,1.24,1.15,1.11,1.21,1.08,1.18,1.26
2006,2601,5.01,12.7,7.88,5.57,5.29,5.08,4.16,5.8,4.58,3.34,4.24,5.38,5.75
2006,2602,1.47,1.72,2.41,2.78,1.89,1.5,1.2,1.52,1.66,1.64,1.41,1.54,1.73
2006,2603,2.9,3.5,4.34,3.67,3.12,2.72,2.45,5.18,2.82,2.37,2.58,3.06,3.23
2006,2615,1.12,1.16,1.24,1.32,1.2,1.09,1.06,0.93,0.93,0.95,0.91,0.95,1.07
2006,2617,1.83,1.95,1.87,1.91,1.94,1.85,1.73,1.83,1.82,1.83,1.72,1.8,1.84
2006,2618,1.31,1.71,1.45,1.28,1.24,1.03,0.97,1.5,1.51,1.65,1.11,1.24,1.33
2006,2620,0,0,0,0,2.26,2.29,2.16,2.31,2.04,2.09,1.97,2.23,2.17
2006,2622,0.98,0,0.93,0,0,0,0.9399999999999999,0,0,0.78,0.8,1.12,0.93
2006,2701,1.14,1.1,1.06,0.9,1.46,1.66,1.33,1.16,1.43,1.47,1.58,1.31,1.3
2006,2801,1.18,1.65,1.4,1.16,1.11,1.12,1.11,1.23,0.97,0.79,0.77,0.92,1.12
2006,2802,1.74,0,0,0,1.88,1.71,1.48,1.65,1.6,1.62,1.45,1.53,1.63
2006,2803,1.84,1.85,1.67,1.69,1.87,0,1.8,2.05,0,0,1.78,1.87,1.82
2006,2804,0.8100000000000001,1.27,1.05,0.83,0.87,0.91,0.88,0.8100000000000001,0.73,0.65,0.62,0.66,0.84
2006,2902,3.3,2.75,2.75,2.9,0,2.9,2.7,0,0,0,2.7,0,2.86
2006,2903,0,0,0,0,0,0,0,1.9,0,0,0,0,1.9
2006,2904,0,0,0,0,0,0,0,2.23,0,0,0,0,2.23
2006,2905,0,0,0,0,0,0,0,0,0,0,2.7,0,2.7
2006,2906,0,0,0,0,0.71,0.72,1,0.83,0.85,0.86,0.77,0.8,0.82
2006,2907,0.9,0,0,1.01,0.89,0.84,0.77,0.85,0.88,0.87,0.82,0.84,0.87
2006,2908,0,0,0,0,0,0.92,0.85,0,0,0,0,0,0.89
2006,2909,3.3,2.9,2.9,2.9,0,0,2.7,1.9,0,0,2.7,0,2.76
2006,3001,0.8100000000000001,0.8,0.89,0.77,0.57,0.74,1.12,1.22,1.18,0.79,0.72,0.83,0.87
2006,3002,0.7,0.63,0.72,0.63,0.55,0.61,1,1.05,1.05,0.74,0.72,0.63,0.75
2006,3105,2.8,0,0,3,0,0,2.4,2.93,0,0,2.1,0,2.65
2006,3107,1.75,0,0,2,0,0,1.9,0,0,0,1.9,0,1.89
2006,3109,1.9,1.95,1.9,1.8,0,0,1.9,1.43,0,0,1.95,0,1.83
2006,3110,2.1,0,0,2.18,0,0,0,0,0,0,1.9,0,2.06
2006,3111,0.88,1.11,1.42,1.66,1.06,0.96,0.91,0.85,0.89,0.98,1.09,1.02,1.07
2006,3113,2.5,0,0,0,0,0,2.5,0,0,0,2.5,0,2.5
2006,3114,1.95,0,0,0,0,0,1.9,0,0,0,0,0,1.93
2006,3115,0,0,0,0,0,0,2.9,0,0,0,0,0,2.9
2006,3116,1.4,0,0,0,0,0,1.4,0,0,0,1.3,0,1.37
2006,3117,3.46,3.55,4.07,4.1,3.84,3.74,3.95,3.7,3.55,3.46,3.39,3.45,3.69
2006,3202,4.3,0,0,4.25,0,0,3.7,0,0,0,0,0,4.08
2006,3301,0.66,1,0.74,0.59,0.7,0.61,0.63,0.9399999999999999,0.82,0.74,0.73,0.73,0.74
2006,3401,0.88,1.04,1.03,1.02,0,0,0,0,0,0,0,0,0.99
2006,3501,1.35,1.19,1.14,0.65,0.59,0.59,0.59,0.59,0.65,0.61,0.72,0.67,0.78
2006,3502,1.11,0.86,0.71,0.55,0.49,0.48,0.5,0.52,0.5600000000000001,0.55,0.66,0.6,0.63
2006,3601,0,0,0,0,0,0,0.65,0,0,0,0,0,0.65
2006,3701,2.97,2.04,0,0,0,3.75,0,2.9,0,0,1.87,1.18,2.45
2006,3702,1.31,1.55,1.73,1.62,1.49,1.41,1.2,1.22,1.41,1.43,1.23,1.16,1.4
2006,3801,0.85,0.91,0.92,0.87,0.91,0.84,0.97,1.02,1.03,0.8100000000000001,0.78,0.75,0.89
2006,3802,0.72,0.84,0.8100000000000001,0.7,0.55,0.55,0.53,0.63,0.73,0.62,0.58,0.6,0.66
2006,3803,0.75,0.82,0.82,0.71,0.58,0.61,0.59,0.61,0.64,0.5600000000000001,0.51,0.5,0.64
2006,3804,0.75,0.73,0.82,0.73,0.6899999999999999,0.68,0.72,0.84,0.88,0.82,0.85,0.8,0.78
2006,3806,0,0,0,0,0,0,0,0,0.91,0,0,0,0.91
2006,3807,0,0,0,0,0,0,0,0,0.88,0,0,0,0.88
2006,3809,0,0,0,0,0,0,0,0,0.92,0,0,0,0.92
2006,3810,0,0,0,0,0,0,0,0,0.63,0,0,0,0.63
2006,3811,0,0,0,0,0,0,0,0,0.92,0,0,0,0.92
2006,3813,0,0,0,0,0,0,0,0,0.65,0,0,0,0.65
2006,3902,2.3,2.5,2.3,2.5,0,2.25,2.5,1.9,0,0,0,0,2.32
2006,4001,0.66,0.48,0.45,0.46,0.46,0.46,0.54,0.8,0.65,0.6,0.58,0.59,0.5600000000000001
2006,4101,1.19,1.3,1.46,1.32,1.29,1.15,0.97,1.15,1.29,1.22,1.02,1.14,1.21
2006,4201,0.52,0.46,0.64,0.8100000000000001,0.65,1.06,1.11,1.24,1.12,1.16,1.25,1.39,0.95
2006,4301,0.48,0.62,0.74,0.8100000000000001,0.61,0.52,0.51,0.63,0.68,0.74,0.64,0.76,0.65
2006,4401,2.9,0,3.1,3,3,2.9,2.9,2.3,0,0,2.9,0,2.88
2006,4403,3.1,0,0,2.9,0,0,3.1,0,0,0,0,0,3.03
2006,4501,1.39,2.52,1.37,1.21,1.28,1.69,1.36,1.83,1.22,1.32,1.31,1.37,1.49
2006,4701,2.3,0,0,0,0,0,1.9,0,0,0,1.9,0,2.03
2006,4702,0,0,0,0,0,0,0,1.9,0,0,0,0,1.9
2006,4703,0,0,0,0,0,0,0,1.2,0,0,0,0,1.2
2006,4801,0,0,0,0,0.74,0,0,1.2,1.15,0,0,0,1.03
2006,4802,1,1.07,1.56,1.6,1.19,1.39,1.6,1.38,1.16,1.15,1.34,1.12,1.3
2006,4805,0,0,0,0,1.84,0,0,0,0,1.1,1.13,0,1.36
2006,4901,2.3,1.5,1.9,1.7,0,0,0,0,0,0,1.7,0,1.82
2006,4902,0,0,0,0,0,0,0,0,0,0,1.7,0,1.7
2006,4903,1.7,1.65,0,1.6,0,0,1.7,0,0,0,0,0,1.66
2006,4904,0,0,0,0,0,0,0,1.2,0,0,0,0,1.2
2006,5001,1.22,1.83,1.61,1.19,0.98,1.27,1.62,1.7,1.59,0.98,0.75,0.75,1.29
2006,5201,0.68,0.66,0.66,0.67,0.5600000000000001,0.49,0.47,0.48,0.55,0.5600000000000001,0.57,0.58,0.58
2006,5202,0.72,0.62,0.66,0,0,0,0,0,0,0,0,0.55,0.64
2006,5301,0.33,0.33,0.38,0.47,0.51,0.46,0.42,0.45,0.41,0.38,0.49,0.5600000000000001,0.43
2006,5401,0.45,0.51,0.53,0.66,0.58,0.64,0.47,0.49,0.43,0.47,0.45,0.63,0.53
2006,5402,0,1.08,2.77,0,2.83,0,2.77,1.38,1.3,1.14,1.34,1.39,1.78
2006,5403,0.48,0.58,0.79,1.02,0.53,0.4,0.45,0.65,0.68,0.65,0.51,0.55,0.61
2006,5404,0,0.95,0.95,1.1,0.63,0.55,0,0.92,0,0,0,0,0.85
2006,5523,1.4,1.35,0,0,0,0,0,0,0,0,0,0,1.38
2006,5524,1.5,1.49,0,0,0,0,0,0,0,0,0,0,1.5
2006,5525,1.07,0,0,0,0,0,0,0,0,0,0,0,1.07
2006,7208,0,0.45,0.47,0.55,0,0,0,0,0,0,0,0,0.49
2006,7215,1.13,0.96,0.98,0,0,0,0,0,0,0,1.03,1.04,1.03
2006,7301,0,0,0,0.83,0,0,1.38,0,0,0,0,0,1.11
2006,7305,0.8100000000000001,0.93,1.02,1.07,1.13,1.3,1.41,1.36,1.4,1.01,0.82,0.76,1.09
2006,7401,1.47,1.29,1.29,1.23,1.23,1.14,1.29,1.32,1.5,1.54,1.42,1.03,1.31
2007,101,0.92,1.2,1.08,0.96,1,1.18,1.08,0.99,1,0.92,0.93,0.93,1.02
2007,201,6.44,7.2,6.83,4.85,5.46,5.89,5.78,5.68,6.05,8.81,12.85,9.07,7.08
2007,202,4.41,3.37,1.84,1.02,0.83,0.82,1.04,1.59,2.37,4.85,5.45,3.58,2.6
2007,206,3.76,4.29,2.75,1.9,1.44,0.97,1.15,1.12,1.21,1.13,1.25,0.9,1.82
2007,208,5.72,6.78,6.14,5.55,6.35,6.22,6.48,6.54,6.61,7.88,11.92,11.18,7.28
2007,209,1.9,2.34,3.12,3.01,1.93,1.35,1,1.03,1.18,1.4,1.55,0.8100000000000001,1.72
2007,210,0,2.08,0,0,0,0,0,0,0,0,0,0,2.08
2007,211,6.59,6.55,0,0,0,0,8.07,0,6.44,6.51,7.01,7.33,6.93
2007,302,1.57,1.74,2.07,2.14,1.59,1.46,1.41,1.49,1.39,1.37,1.42,1.33,1.58
2007,303,2.87,3.04,3.27,3.24,2.81,2.72,2.52,2.19,1.98,2.22,2.54,2.28,2.64
2007,305,0,0,0,1.72,1.52,1.42,1.12,0,0,0,0,0,1.45
2007,401,2.43,2.64,2.55,2.41,2.31,2.08,3.69,5.7,8.220000000000001,6.15,2.58,2.31,3.59
2007,502,1.71,1.74,1.73,1.57,1.54,1.82,1.96,1.64,1.75,1.93,1.81,1.83,1.75
2007,601,0.8,1.02,0.92,0.83,0.8100000000000001,0.77,0.78,0.72,0.58,0.55,0.6899999999999999,0.8100000000000001,0.77
2007,701,1.91,1.78,1.73,1.85,2.05,1.58,1.06,1.33,1.13,1.04,1.28,1.68,1.54
2007,702,1.73,1.41,0,0,0,0,0,1.12,1.08,1.02,1.2,1.54,1.3
2007,703,0,0,0,0,0,0,0,0,0.97,0.9,0.98,0,0.95
2007,704,1.45,1.22,1.27,1.37,1.41,1.27,0.9,1.09,0.89,0.8,0.96,1.38,1.17
2007,706,2.7,0,0,0,0,0,0,0,0,0,0,0,2.7
2007,801,2,2.62,2.15,2.06,2.35,2.1,2.03,2.36,2.39,2.58,2.72,2.38,2.31
2007,901,0.91,1.08,1.01,0.96,1.02,1,1.15,1.09,0.97,0.91,0.75,0.86,0.98
2007,1001,0,0,0,0,2.06,2.1,1.82,1.91,1.86,2.18,1.48,1.35,1.85
2007,1002,1.82,1.57,1.36,1.02,0.98,1.19,1.16,1.17,1.01,1.1,0.75,0.65,1.15
2007,1201,0.32,0.26,0.24,0.26,0.37,0.5600000000000001,0.95,1.56,1.7,1.55,1.27,0.96,0.83
2007,1203,0.36,0.32,0.33,0.35,0.45,0.49,0.6899999999999999,1.03,1.4,1.31,1.09,0.97,0.73
2007,1401,0.65,0.89,0.91,0,0,1.25,1.29,1.55,1.02,0.67,0.67,0.61,0.95
2007,1402,0.42,0.53,0.59,0.67,1.01,1.16,1.04,1.1,0.93,0.51,0.32,0.34,0.72
2007,1403,2.62,2.65,2.75,2.6,2.46,2.43,2.85,2.48,2.43,2.5,2.43,2.8,2.58
2007,1502,0.27,0.44,0.58,0.55,0.55,0.54,0.49,0.52,0.54,0.58,0.51,0.36,0.49
2007,1503,0.37,0.52,0.6,0.59,0.5600000000000001,0.64,0.63,0.52,0.58,0.57,0.46,0.43,0.54
2007,1601,0.64,0.6,0.62,0.57,0.53,0.4,0.48,0.54,0.52,0.51,0.47,0.42,0.53
2007,1701,1.05,1.16,1.19,1.01,1.02,1.11,0.98,1.18,0.88,0.9399999999999999,1.24,1.24,1.08
2007,1801,1.15,1.01,0.9,1.4,1.56,1.39,1.62,1.66,1.46,1.32,1.19,0.98,1.3
2007,1802,0,0,0,0,1.69,1.69,1.86,1.74,1.26,1.23,0.98,0.8100000000000001,1.41
2007,1804,1.4,1.3,1.21,1.68,1.88,1.87,2.04,2.29,2.1,1.81,1.53,1.38,1.71
2007,2001,3.62,3.62,3.62,3.6,3.74,3.68,4.04,3.65,3.67,3.52,3.49,3.56,3.65
2007,2101,0.99,1.41,1.7,1.36,1.03,1.36,1.61,1.51,1.23,1.23,1.32,1.61,1.36
2007,2201,1.33,1.75,2.28,2.01,1.98,2.03,2.28,2.09,1.65,1.77,1.56,1.14,1.82
2007,2202,0.82,0.72,0,0.66,0.93,0,1.09,0,0,0,0,0,0.84
2007,2207,3.75,3.75,3.77,4.09,3.87,3.98,4.19,4.24,4.09,4.1,3.99,3.96,3.98
2007,2212,0,0,0,0,0,3.3,0,0,0,0,0,0,3.3
2007,2214,0,0,0,0,0,2.3,0,0,0,0,0,0,2.3
2007,2303,3.93,0,0,0,0,3.43,0,0,0,0,0,0,3.68
2007,2401,1.93,0,0,0,0,0,0,0,0,0,0,0,1.93
2007,2403,1.57,0,0,0,0,2.33,0,0,0,0,0,0,1.95
2007,2404,0,0,0,0,0,0,0.7,0.6899999999999999,0.82,0.52,0.36,0.39,0.58
2007,2405,0.78,0.6899999999999999,0.61,0.6,0.71,0.97,0.84,0.91,1.18,0.9,0.6,0.6899999999999999,0.79
2007,2501,1.29,1.4,1.43,1.54,1.55,1.49,1.64,1.52,1.3,1.28,1.3,1.27,1.42
2007,2601,4.99,5.55,6.06,5.51,5.85,5.23,3.28,2.53,2.69,2.5,2.59,3.75,4.21
2007,2602,1.65,2.29,2.98,1.62,1.6,1.67,1.27,1.52,1.86,2.35,1.54,1.46,1.82
2007,2603,2.9,4.15,3.75,3.3,3.29,3.49,2.55,2.95,2.94,3.06,2.48,2.73,3.13
2007,2615,1.1,1.16,0.97,1.06,1.13,0.99,0.9,1.12,1.18,1.2,1.13,1.12,1.09
2007,2617,1.81,1.84,1.79,1.77,1.77,1.75,1.87,1.75,1.76,1.74,1.74,1.76,1.78
2007,2618,1.21,1.44,1.33,1.43,1.26,0.99,0.83,1.25,1.34,1.39,1.28,1.46,1.27
2007,2620,2.15,1.96,2.02,0,0,4.36,0,0,0,1.82,0,0,2.46
2007,2622,0,0.93,0,0,0,0,0.96,0.9,0,0,0,0,0.93
2007,2701,1.38,1.45,1.56,1.47,1.66,1.57,1.78,1.71,1.34,1.28,1.31,1.47,1.5
2007,2801,1.28,1.34,1.36,1.14,1.13,1.11,1.05,1.06,1.09,1.06,1.11,1.04,1.15
2007,2802,1.86,0,0,0,0,1.62,1.23,1.58,1.64,1.79,1.63,1.64,1.62
2007,2803,1.94,1.72,1.9,1.96,1.84,1.86,1.54,0,0,0,0,0,1.82
2007,2804,0.71,0.77,0.89,0.88,0.95,1.1,0.61,0.79,0.79,0.9,0.71,0.6,0.8100000000000001
2007,2902,2.7,0,0,0,0,0,0,0,0,0,0,0,2.7
2007,2903,0,0,0,0,0,2.9,0,0,0,0,0,0,2.9
2007,2906,0.87,0,0,0,0,0.92,0.89,0.72,0.87,0.77,0.9399999999999999,0.95,0.87
2007,2907,0.83,0.75,0,0,0.93,1.03,0.91,0.85,0.8100000000000001,0.77,1,0.93,0.88
2007,2909,0,0,0,0,0,2.9,0,0,0,0,0,0,2.9
2007,3001,0.77,0.82,0.91,0.89,0.8,0.92,0.97,0.91,1.08,1.34,1.36,1.01,0.98
2007,3002,0.59,0.65,0.74,0.74,0.6899999999999999,0.82,0.98,0.95,1.08,1.22,1.26,0.9399999999999999,0.89
2007,3107,0,0,0,0,0,2.5,0,0,0,0,0,0,2.5
2007,3108,2,0,0,0,0,0,0,0,0,0,0,0,2
2007,3109,1.93,0,0,0,0,0,0,0,0,0,0,0,1.93
2007,3110,0,1.18,0,0,0,0,0,0,0,0,0,0,1.18
2007,3111,1.02,1.36,1.19,1.32,1.51,1.54,1.87,2.28,2.37,2.13,1.5,1.18,1.61
2007,3113,2.57,0,0,0,0,0,0,0,0,0,0,0,2.57
2007,3117,3.86,4.25,4.39,4.17,4.12,4.53,6,6.12,5.75,5.78,6.3,6.03,5.11
2007,3301,0.8100000000000001,1.19,0.8100000000000001,0.74,0.88,0.82,0.8100000000000001,0.75,0.71,0.77,0.82,0.91,0.84
2007,3501,0.72,0.68,0.65,0.68,0.6899999999999999,0.71,0.73,0.84,0.89,1.14,1.31,1.59,0.89
2007,3502,0.65,0.5600000000000001,0.52,0.58,0.61,0.63,0.67,0.74,0.82,1.01,1.25,1.49,0.79
2007,3601,0,0,0,0,0.52,0.54,0.51,0,0,0,0,0,0.52
2007,3701,1.69,1.73,2.13,0,0,4.47,0,0,0,0,0,0,2.51
2007,3702,1.24,1.5,1.85,1.66,1.4,1.54,1.44,1.61,1.57,1.59,1.5,1.65,1.55
2007,3801,0.68,0.8,0.97,0.93,0.99,0.97,1.06,0.96,0.9399999999999999,0.83,1.03,1.21,0.95
2007,3802,0.53,0.57,0.63,0.63,0.66,0.64,0.6899999999999999,0.59,0.49,0.42,0.43,0.47,0.5600000000000001
2007,3803,0.52,0.5600000000000001,0.61,0.62,0.67,0.67,0.72,0.54,0.4,0.34,0.37,0.42,0.54
2007,3804,0.73,0.73,0.8100000000000001,0.82,0.85,0.78,0.84,0.79,0.78,0.79,1.03,1.12,0.84
2007,3806,0,0,0,0,0.85,0.83,0.83,0.89,0.88,0.86,0.97,1.07,0.9
2007,3807,0,0,0,0,0.67,0.65,0.71,0.7,0.79,0.68,0.63,0.63,0.68
2007,3809,0,0,0,0,0.85,0.85,0.89,0.8100000000000001,0.82,0.84,1.02,1.18,0.91
2007,3810,0,0,0,0,0.68,0.64,0.68,0.51,0.36,0.28,0.32,0.39,0.48
2007,3811,0,0,0,0,0.62,0.64,0.68,0.65,0.61,0.53,0.53,0.55,0.6
2007,3813,0,0,0,0,0.67,0.68,0.67,0.48,0.37,0.31,0.36,0.42,0.5
2007,3814,0,0,0,0,0.48,0.53,0,0,0,0,0,0,0.51
2007,3815,0,0,0,0,0.5600000000000001,0,0,0,0,0,0,0,0.5600000000000001
2007,3816,0,0,0,0,0.62,0.6,0,0,0,0,0,0,0.61
2007,3817,0,0,0,0,0.66,0.66,0.7,0.5600000000000001,0.41,0.37,0.38,0.43,0.52
2007,3818,0,0,0,0,0.6,0,0,0.48,0.54,0,0,0,0.54
2007,3902,2,0,0,0,0,2.6,0,0,0,0,0,0,2.3
2007,4001,0.61,0.59,0.59,0.46,0.57,0.62,0.73,0.59,0.71,0.79,0.77,0.57,0.63
2007,4101,1.23,1.32,1.3,1.54,1.63,1.34,1.37,1.25,1.17,1.43,1.2,1.09,1.32
2007,4201,1.36,0.89,0.6899999999999999,1.06,1.04,0.86,0.63,0.6899999999999999,0.8100000000000001,1.27,1.11,1.19,0.97
2007,4301,0.8100000000000001,0.6899999999999999,0.73,0.75,0.87,0.75,0.68,0.76,0.66,0.66,0.5600000000000001,0.54,0.71
2007,4401,2.93,0,0,0,0,3.1,0,0,0,0,0,0,3.02
2007,4501,1.74,2.13,1.85,1.84,1.72,1.22,1.31,1.84,1.41,1.22,1.36,1.45,1.59
2007,4802,1.22,0.83,0.86,0.77,0.77,1.72,1.01,1.29,1.5,1.47,1.2,1,1.14
2007,4805,0,1.07,0,0,0,0,0,0,0,0,0,0,1.07
2007,4901,1.77,0,0,0,0,1.7,0,0,0,0,0,0,1.74
2007,4902,1.7,0,0,0,0,0,0,0,0,0,0,0,1.7
2007,4903,0,0,0,0,0,1.7,0,0,0,0,0,0,1.7
2007,5001,1.4,1.32,1.1,1.12,1.4,1.63,1.27,1.22,1.52,1.28,1.36,1.26,1.32
2007,5201,0.66,0.65,0.75,0.75,0.6899999999999999,0.68,0.68,0.74,0.82,1.06,1.24,1.38,0.84
2007,5202,0,0,0,0,0,0,0,0,0,0,0,1.19,1.19
2007,5301,0.53,0.6,0.73,0.7,0.83,0.74,0.62,0.5600000000000001,0.48,0.4,0.38,0.42,0.58
2007,5401,0.46,0.46,0.48,0.45,0.5600000000000001,0.7,0.4,0.43,0.51,0.58,0.52,0.45,0.5
2007,5402,1.13,1.23,1.22,0,0,0,2.31,0,0,0,0,0,1.47
2007,5403,0.68,1.09,1.03,0.7,0.54,0.55,0.54,0.66,0.63,0.66,0.58,0.46,0.68
2007,5404,0.24,0.55,0.77,0.8100000000000001,0,0,0,0,0,0,0,0,0.59
2007,7204,0.86,0.9,0,0,0,0,0,0,0,0,0,0,0.88
2007,7215,1.29,1.3,0,0,0,0,0,0,0,0,1.56,0.73,1.22
2007,7222,0,0,0,0,0,0,0,0,0,0,0.71,0.68,0.7
2007,7301,0,0,0,0,0,1.1,0,0,0,0,0,0,1.1
2007,7305,0.7,0.6899999999999999,0.89,0.9,1.04,1.08,1.45,1.28,0.99,0.9399999999999999,1.05,0.91,0.99
2007,7401,0.98,0.95,0.9399999999999999,0.98,0.97,0.99,0.65,0.85,0.86,0.92,1.01,1.15,0.9399999999999999
2007,7807,0,0,0,0,0,0,0,1.33,0,0,0,0,1.33
2008,101,0.98,1.37,1.62,1.91,1.76,1.79,1.93,1.41,1.54,1.21,1.44,1.4,1.53
2008,201,9.130000000000001,7.46,7.59,6.84,6.41,6.69,6.82,6.54,6.38,6.63,7.09,6.29,6.99
2008,202,2.02,1.28,1.09,1.13,2.61,2.65,2.17,2.8,2.44,1.69,1.05,1.55,1.87
2008,206,1.26,1.66,2.19,2.41,2.43,1.55,2.06,4.51,4.57,4.18,3.12,2.82,2.73
2008,208,16.04,17.97,21.4,21.98,10.4,14.91,12.44,11.16,10.22,10.53,10.52,9.869999999999999,13.95
2008,209,0.89,1.32,1.19,1.95,1.76,1.46,0.99,0.91,1.22,2.19,2.52,1.78,1.52
2008,210,0,0,0,1.8,0,1.96,1.9,0,0,0,0,0,1.89
2008,211,6.59,7.2,6.83,5.71,6.57,8.1,7,6.98,7.01,7.12,6.6,7.06,6.9
2008,301,0,0,0,0,0,0,0,1.97,0,0,0,0,1.97
2008,302,1.38,1.35,1.15,1.13,1.54,1.36,2.19,2.4,2.08,2.14,2.08,1.85,1.72
2008,303,2.36,2.35,2.29,2.16,2.71,2.7,3.24,3.18,3.19,3.73,3.28,2.51,2.81
2008,305,0,0,0,0,0,1.99,2.42,0,0,0,0,0,2.21
2008,401,2.63,2.76,2.02,2.26,2.23,3.31,3.65,2.66,3.22,2.16,2.94,3.32,2.76
2008,502,1.82,1.94,1.91,2.1,2.23,3.05,3.31,3.04,3.19,2.7,2.79,2.73,2.57
2008,601,0.75,0.82,1.13,1.63,1.5,1.74,1.66,1.18,0.9,0.82,0.97,0.7,1.15
2008,701,2.11,2.79,2.43,1.7,1.72,2.13,1.72,1.35,1.79,2.13,2.15,2.09,2.01
2008,702,2.03,2.32,2.08,1.38,0,1.63,1.54,1.28,1.7,1.86,1.91,1.85,1.78
2008,703,0,0,0,0,0,0,0,1.19,1.61,1.71,1.9,0,1.6
2008,704,1.57,2.01,1.64,1.23,1.29,1.71,1.4,1.04,1.5,1.54,1.57,1.62,1.51
2008,801,2.16,2.6,1.97,2.3,2.27,2.29,4,4.95,4.18,3.4,2.49,2.68,2.94
2008,901,0.89,1.53,1.74,2.18,2.02,2.02,2.17,1.25,1.03,0.86,0.63,0.82,1.43
2008,1001,1.51,2.41,0,0,0,0,0,1.17,0,0,0,0,1.7
2008,1002,0.86,1.55,1.6,1.64,1.45,1.37,1.41,1.11,1.43,1.11,1.55,1.53,1.38
2008,1101,0,0,0.59,0,0,0,0,0,0,0,0,0,0.59
2008,1201,0.77,0.67,0.6,0.57,0.77,0.85,1.02,1.07,1.04,0.86,0.6899999999999999,0.54,0.79
2008,1203,0.84,0.6899999999999999,0.75,0.75,0.74,0.74,0.96,1.06,0.85,0.68,0.57,0.58,0.77
2008,1401,0.36,0.35,0.5600000000000001,0.61,0.8,1.9,1.57,1.16,0,0,1.55,1.51,1.04
2008,1402,0.43,0.54,0.71,0.91,1.03,0.88,0.83,0.72,0.62,0.63,0.75,1.12,0.76
2008,1403,4.65,5.6,2.97,3.5,3.73,3.34,3.79,3.35,3.65,4.36,3.65,3.71,3.86
2008,1502,0.33,0.33,0.54,0.87,0.8100000000000001,0.53,0.5600000000000001,0.62,0.8100000000000001,0.62,0.58,0.51,0.59
2008,1503,0.49,0.5600000000000001,0.61,0.74,0.8,0.7,0.66,0.64,0.73,0.64,0.6,0.52,0.64
2008,1601,0.53,0.6899999999999999,0.71,0.65,0.61,0.6,0.61,0.62,0.6899999999999999,0.73,0.6899999999999999,0.95,0.67
2008,1701,1.36,1.85,1.55,1.01,1.03,1.24,1.57,0.95,0.99,0.88,1.1,1.01,1.21
2008,1801,1.09,1.21,1.34,1.41,1.42,1.16,1.26,1.32,1.34,0,0,0,1.28
2008,1802,1.07,0,0,0,0,1.4,1.49,1.31,1.44,1.37,1.44,1.91,1.43
2008,1804,1.35,1.42,1.52,1.55,1.75,1.84,2,2.03,2.05,1.89,1.92,2.5,1.82
2008,2001,3.41,3.68,3.63,3.53,3.62,3.58,3.72,3.64,3.82,3.59,3.6,3.61,3.62
2008,2101,1.94,1.95,2.28,2.22,1.7,1.71,1.85,1.23,1.49,1.29,1.74,1.92,1.78
2008,2201,1.7,2.52,2.62,2.6,1.9,2.48,2.76,2.19,2.57,2.82,2.49,1.93,2.38
2008,2202,0,0.96,0.88,0.78,0.83,1.1,0,0,0,0,0,0,0.91
2008,2206,0,4.25,0,0,0,0,0,0,0,0,0,0,4.25
2008,2207,4.25,4.26,4.35,4.54,4.61,5.27,5.3,5.57,4.97,5.34,5.13,5.72,4.94
2008,2404,0,0,0,0,0,0,0,0.7,0.67,0.55,0,0,0.64
2008,2405,0.82,1.07,1.17,0.72,0.74,0.97,0.99,0.96,1.07,0.9399999999999999,0.99,1.14,0.97
2008,2501,1.23,1.26,1.34,2.08,1.53,1.46,1.56,1.19,1.51,1.47,1.25,1.22,1.43
2008,2601,5.42,12.43,11.14,10.08,5.01,4.4,5.15,5.63,4.97,4.07,4.4,5.94,6.55
2008,2602,1.81,2.28,1.73,1.61,1.98,1.56,1.71,1.92,1.93,2.05,3.61,4.33,2.21
2008,2603,3.01,3.57,3.4,4.61,4.55,2.71,3.76,4.56,4.9,3.04,3.26,3.12,3.71
2008,2615,1.98,2.03,2.14,2.09,2.25,2.25,2.44,3.04,2.59,2.74,3.2,2.72,2.46
2008,2617,1.69,1.75,2.29,2.34,2.25,2.27,2.35,2.97,3.63,3.37,2.71,3.07,2.56
2008,2618,1.96,2.18,2.21,2.23,1.85,1.39,1.29,1.8,1.89,1.35,1.83,1.23,1.77
2008,2622,0.92,0,0,0,0,0,0,0,0,0,0,0,0.92
2008,2701,1.47,1.49,1.29,1.56,2.11,1.96,1.62,1.3,2.88,1.74,1.85,1.43,1.73
2008,2801,1.03,1.64,1.51,1.52,1.7,1.51,1.71,1.33,1.18,1.03,0.96,1.16,1.36
2008,2802,1.67,0,0,0,0,2.35,2.56,2.47,2.41,1.73,1.7,2.12,2.13
2008,2803,1.93,2.26,2.04,1.75,1.82,1.74,0,0,0,0,0,0,1.92
2008,2804,0.6899999999999999,1.14,1.11,1.02,1.26,1.25,1.25,0.97,0.88,0.82,0.78,0.85,1
2008,2906,1.03,0,0,0,1.19,1.03,1.28,1.14,1.09,1.22,1.05,1.19,1.14
2008,2907,0.97,0,0,0,0,1.27,1.27,1.13,1.09,1.22,1.05,1.16,1.15
2008,3001,0.76,1,0.8100000000000001,0.77,0.79,0.96,1.53,2.37,3.22,2.14,1.03,0.85,1.35
2008,3002,0.66,0.84,0.6899999999999999,0.66,0.71,0.82,1.49,2.33,3.31,2.17,0.83,0.65,1.26
2008,3111,1.11,1.14,1.34,1.7,1.83,1.58,1.63,1.7,1.69,1.65,1.65,1.96,1.58
2008,3117,5.44,6.46,5.98,5.72,6.1,5.4,5.35,5.39,5.3,5.16,5.67,5.52,5.62
2008,3301,0.74,0.98,1.28,1,0.97,1.31,1.58,1.26,1.53,1.01,0.8100000000000001,0.84,1.11
2008,3501,1.59,1.65,1.51,1.04,0.9399999999999999,1.04,1.36,1.42,1.81,2.09,2.26,1.79,1.54
2008,3502,1.46,1.47,1.36,0.96,0.89,1.05,1.34,1.32,1.73,1.92,2.24,1.66,1.45
2008,3601,0,0,0.73,0,0.54,0.54,0.58,0.63,0,0,0,0,0.6
2008,3702,1.59,2.24,2.08,2.4,2.2,2.27,2.08,1.46,1.45,2.51,2.06,1.47,1.98
2008,3801,1.24,1.35,1.14,0.82,0.85,0.85,0.87,1.01,1.3,1.43,1.49,1.42,1.15
2008,3802,0.51,0.64,0.58,0.54,0.6,0.7,0.77,0.79,0.9399999999999999,1.06,0.97,1.05,0.76
2008,3803,0.52,0.63,0.58,0.55,0.62,0.73,0.8100000000000001,0.78,0.85,1.02,0.91,1.04,0.75
2008,3804,1.05,1,1.03,0.76,0.79,0.82,0.91,0.9399999999999999,1.09,1.3,1.4,1.39,1.04
2008,3806,1.03,1.06,1.08,0.8100000000000001,0.75,0.82,0.91,0.98,1.26,1.36,1.41,1.34,1.07
2008,3807,0.6,0.62,0.62,0.58,0.62,0.74,0.82,0.75,0.97,1.18,1.24,1.22,0.83
2008,3809,1.19,1.36,1.23,0.83,0.76,0.8100000000000001,0.89,0.93,1.19,1.47,1.56,1.47,1.14
2008,3810,0.47,0.71,0.58,0.51,0.61,0.72,0.78,0.78,0.84,0.96,0.87,0.99,0.74
2008,3811,0.55,0.58,0.58,0.58,0.58,0.67,0.75,0.78,0.95,1.07,1.05,1.1,0.77
2008,3813,0.5,0.61,0.5600000000000001,0.5,0.59,0.72,0.78,0.76,0.8100000000000001,0.97,0.87,1.03,0.73
2008,3814,0,0,0,0,0,0.58,0,0,0,0,0,0,0.58
2008,3817,0.54,0.65,0.6,0.6,0.65,0.72,0.82,0.79,0.85,1.03,0.92,1.04,0.77
2008,4001,0.55,0.57,0.58,0.65,0.87,0.78,1,0.9,0.79,0.92,0.75,0.8100000000000001,0.76
2008,4101,1.06,1.4,1.32,1.55,1.36,1.34,1.37,1.18,1.92,1.3,1.33,1.09,1.35
2008,4201,0.75,0.79,0.96,1.05,1.92,2.16,1.84,1.79,2.2,2.76,1.16,1.11,1.54
2008,4202,0,0,0,0,0,0,0,1.59,0,0,0,0,1.59
2008,4301,0.63,0.6899999999999999,0.76,0.9,0.97,0.9399999999999999,1.01,1.36,1.64,1.03,0.84,0.72,0.96
2008,4501,1.81,2.49,2.03,2.76,1.81,2.08,2.27,1.7,1.59,1.58,1.93,1.92,2
2008,4802,0.93,1.14,2,2.08,1.87,2.06,1.93,1.49,1.38,1.23,1.17,1.21,1.54
2008,4805,0,0,0,2.2,0,1.53,1.54,0,0,0,0,0,1.76
2008,5001,1.2,1.6,2.15,2.34,1.31,1.79,1.53,1.78,2.08,2.36,1.36,0.77,1.69
2008,5201,1.53,1.5,1.67,1.47,1.24,1.11,1.04,0.96,0.97,1,0.96,1.02,1.21
2008,5202,1.32,1.31,1.38,1.29,1.15,0,0,0,0,0,0,0,1.29
2008,5301,0.41,0.51,0.54,0.67,0.72,0.6,0.67,0.61,0.65,0.53,0.51,0.5,0.58
2008,5401,0.43,0.61,0.61,0.98,0.99,1.3,1.15,0.83,0.84,0.6,0.51,0.48,0.78
2008,5402,0,0,0,2.42,2.39,2.41,2.42,0,1.97,0,0,2.47,2.35
2008,5403,0.51,0.61,0.74,1.16,1.29,1.12,1.32,1.07,0.88,0.8,0.63,0.71,0.9
2008,5501,0,0,0,0,0,0.47,0.48,0.43,0,0,0,0,0.46
2008,7203,0,0,0,0,0,0,0,0,0,0,0,0.59,0.59
2008,7215,0.89,0,0,0,0,0,0,0,0,0,1.24,1.01,1.05
2008,7305,0.9399999999999999,0.84,0.91,0.95,1.24,1.37,1.67,1.39,1.29,1.53,1.2,1.09,1.2
2008,7401,0.93,0.89,0.95,0.9399999999999999,0.99,0.89,0.96,1.08,1.25,2.49,1.63,1.18,1.18
2009,101,1.24,1.28,1.49,1.61,1.72,2.47,2.18,2.02,1.45,1.07,1.1,1.57,1.6
2009,201,6.02,5.02,5.42,4.93,4.16,4.08,4.24,3.59,3.79,4.16,4.47,5.31,4.6
2009,202,1.37,1.41,1.51,1.72,1.43,1,0.74,1.04,1.4,1.89,3.48,3,1.67
2009,206,2.92,4.04,4.03,3.38,2.27,2.04,1.6,1.67,1.31,1.19,0.92,1.52,2.24
2009,208,8.85,8.07,6.62,4.98,4.51,3.89,4.57,3.99,3.98,4.45,4.72,5.34,5.33
2009,209,1.6,1.62,2.31,3.91,5.03,3.14,2.56,1.5,1.37,2.48,1.69,1.11,2.36
2009,211,7.17,6.78,6.89,7.13,6.67,5.81,5.45,4.55,4.88,5.3,4.97,5.58,5.93
2009,302,2.59,2.8,3.76,4.18,4.78,5.23,4.86,5.88,5.41,4.85,4.11,4.49,4.41
2009,303,3.25,3.69,4.81,5.77,5.93,6.41,6.44,6.21,6.22,6.28,5.17,5.46,5.47
2009,304,0,0,0,3.3,4.42,4.9,5.68,6.77,6.87,6.27,0,0,5.46
2009,401,2.48,2.57,2.41,2.1,2.19,2.44,2.44,2.3,2.7,2.32,2.1,3.86,2.49
2009,502,2.23,2.11,2.2,2.44,2.33,2.58,2.56,3.13,3.01,2.82,3.07,2.67,2.6
2009,601,0.62,1.19,1.47,1.24,1.3,1.44,1.42,0.79,0.58,0.71,0.8100000000000001,1.28,1.07
2009,701,2.07,2.19,2.36,2.38,2.08,1.46,1.54,1.92,1.64,1.63,2.2,2.52,2
2009,702,0,0,0,0,0,0,0,1.64,1.48,1.56,1.98,0,1.67
2009,704,1.59,1.62,1.57,1.67,1.36,1.17,1.32,1.58,1.37,1.38,1.83,2.03,1.54
2009,801,2.42,2.82,2.75,2.32,2.12,2.8,3.05,3.41,3.59,2.84,3.01,2.43,2.8
2009,901,1.07,1.06,1.14,1.26,1.11,1.46,2.08,1.44,1.09,0.85,0.83,0.97,1.2
2009,1001,0,0,0,0,0,0,0,0,0,0,0,1.66,1.66
2009,1002,2.17,1.65,1.75,1.36,1.22,1.34,1.3,1.25,1.07,1.15,1.19,1.26,1.39
2009,1201,0.52,0.43,0.45,0.47,0.51,0.62,0.8,0.96,0.96,0.74,0.75,0.77,0.67
2009,1203,0.57,0.47,0.45,0.49,0.54,0.54,0.58,0.67,0.67,0.66,0.74,0.68,0.59
2009,1401,1.76,0,0,0,1.68,1.67,0,1.63,0.91,0.6,0.49,0.45,1.15
2009,1402,1.37,1.32,1.71,1.49,1.18,1.18,1.5,1.87,1.88,1.29,0.77,0.52,1.34
2009,1403,4.17,3.87,3.63,2.99,2.73,3.67,3.54,3.73,3.27,2.77,2.87,3.62,3.41
2009,1502,0.41,0.48,0.58,0.62,0.61,0.5600000000000001,0.41,0.39,0.44,0.39,0.46,0.71,0.51
2009,1503,0.41,0.55,0.65,0.8100000000000001,0.74,0.75,0.58,0.61,0.55,0.53,0.5600000000000001,0.73,0.62
2009,1601,1.05,0.9,0.79,0.71,0.6,0.61,0.51,0.63,0.5,0.49,0.55,0.85,0.68
2009,1701,1.41,2.05,1.41,0.98,1.14,1.94,1.25,0.87,0.89,1.17,0.93,1.61,1.3
2009,1801,1.33,1.27,1.03,0.9399999999999999,1.09,1.16,1.35,1.59,1.46,1.68,1.29,1.19,1.28
2009,1802,1.5,0,0,0,0,1.36,1.54,1.77,1.61,1.55,1.69,1.34,1.55
2009,1804,1.86,1.53,1.45,1.36,1.69,1.93,2.28,2.45,2.04,2.07,2.29,1.82,1.9
2009,2001,3.5,3.47,3.91,3.58,3.79,3.64,3.59,3.75,3.59,3.44,3.61,3.67,3.63
2009,2101,1.56,1.53,1.6,1.61,2.44,2.98,2.71,1.44,1.24,1.25,1.61,1.57,1.8
2009,2201,1.63,2.27,3.01,3.46,2.97,2.84,2.61,2.83,2.57,2.65,2.3,2.23,2.61
2009,2202,0.76,0.7,0.66,0.73,0.75,0.92,0,0,0,0,0,0,0.75
2009,2207,5.38,5.77,5.71,5.92,5.92,5.82,5.68,5.87,5.57,5.32,5.32,5.31,5.63
2009,2404,0,0,0,0,0,0,0,0,0.99,0.78,0.75,0,0.84
2009,2405,0.92,0.83,0.83,0.82,0.78,0.91,0.85,0.96,1.24,1.14,1.06,1.04,0.95
2009,2501,1.44,1.73,1.75,1.99,1.9,2.08,1.78,1.22,1.38,1.32,1.29,1.31,1.6
2009,2601,4.16,7.29,12.21,12.8,6.58,5.41,6.02,6.55,4.13,3.63,4.1,5.59,6.54
2009,2602,1.99,2.57,3.59,3.01,2.49,1.96,1.72,1.61,1.69,1.7,1.74,1.85,2.16
2009,2603,3.51,5.45,5.38,4.4,4.64,4.17,3.81,3.16,3.36,3.52,4.05,4.04,4.12
2009,2615,3.38,3.89,3.42,3.16,2.38,1.9,1.55,1.22,1.21,1.1,1.04,1.32,2.13
2009,2617,2.38,2.46,2.5,2.69,2.45,2.45,2.43,2.21,2.33,2.1,2.22,2.33,2.38
2009,2618,1.53,1.97,1.98,1.93,2.53,1.88,1.53,1.64,1.51,1.31,1.35,1.33,1.71
2009,2701,1.41,1.57,1.64,1.75,1.73,2.41,1.93,1.48,1.59,1.71,1.47,1.67,1.7
2009,2801,1.33,1.51,1.59,1.48,1.16,1.13,1.4,1.82,1.73,1.26,1.18,1.23,1.4
2009,2802,2.14,0,0,0,0,0,0,0,0,0,0,0,2.14
2009,2803,2.13,2.16,2.23,2.09,2.24,1.94,2.18,2.93,2.35,2.14,2.04,2.15,2.22
2009,2804,0.87,1,1.13,1.05,0.99,0.93,1.05,1.31,1.37,0.96,0.86,0.87,1.03
2009,2906,1.07,0,0,0,1.22,0.93,1.47,1.01,0.95,0.91,0.9399999999999999,1.15,1.07
2009,2907,1.2,0,0,0,1.35,0.93,1.07,0.95,0.95,0.91,0.9399999999999999,1.08,1.04
2009,3001,0.84,1.11,1.27,1.12,0.88,0.93,1.51,1.24,1.06,1.49,1.89,1.87,1.27
2009,3002,0.63,0.75,0.82,0.73,0.58,0.65,1.03,0.89,0.74,1.02,1.27,1.47,0.88
2009,3111,2.55,3.18,3.24,3.36,2.7,2.12,1.97,1.92,1.87,1.52,1.33,1.17,2.24
2009,3117,5.89,6.25,6.34,6.74,6.8,6.34,5.82,5.8,5.69,5.01,5.45,5.04,5.93
2009,3301,0.88,1.13,1.12,1.17,0.98,1.14,1.33,0.97,0.89,0.78,0.89,0.92,1.02
2009,3501,1.33,1.24,1.23,0.99,0.75,0.79,0.86,0.84,0.86,0.86,0.92,0.97,0.97
2009,3502,1.16,1.1,1.1,0.86,0.63,0.67,0.73,0.73,0.74,0.75,0.8100000000000001,0.9,0.85
2009,3601,0,0,0,0.58,0.48,0.48,0.53,0.62,0,0,0,0,0.54
2009,3702,1.46,2.16,1.99,1.98,2.06,1.98,1.75,1.37,1.21,1.61,1.68,1.37,1.72
2009,3801,1.04,1.08,0.97,1.27,1.15,1.14,1.2,1.58,1.61,1.26,1.3,1.13,1.23
2009,3802,1.02,0.95,0.92,0.85,0.68,0.62,0.62,0.64,0.67,0.54,0.54,0.62,0.72
2009,3803,1.12,0.98,0.93,0.89,0.67,0.61,0.64,0.6,0.58,0.48,0.55,0.66,0.73
2009,3804,1.07,0.95,0.86,1,0.92,0.92,0.98,1.11,1.26,1.15,1.32,1.17,1.06
2009,3806,1,0.91,0.85,1.09,1.01,0.98,1.2,1.38,1.47,1.19,1.14,1.11,1.11
2009,3807,1.07,0.92,0.95,0.96,0.8100000000000001,0.74,0.74,0.76,0.96,0.91,0.74,0.73,0.86
2009,3809,1.12,1.01,1.04,1.25,0.96,1,1.1,1.33,1.45,1.35,1.34,1.26,1.18
2009,3810,1.07,1.04,0.92,0.8,0.65,0.59,0.59,0.58,0.54,0.4,0.44,0.59,0.68
2009,3811,0.9399999999999999,0.87,0.92,0.89,0.6899999999999999,0.64,0.63,0.68,0.74,0.65,0.59,0.6,0.74
2009,3813,1.12,0.96,0.85,0.78,0.5600000000000001,0.57,0.61,0.5600000000000001,0.53,0.42,0.46,0.61,0.67
2009,3817,1.14,1,1,0.97,0.74,0.65,0.66,0.63,0.61,0.52,0.62,0.68,0.77
2009,4001,0.79,0.72,0.68,0.67,0.67,0.79,0.9,1.1,0.86,0.76,0.73,0.61,0.77
2009,4101,1.19,1.36,1.43,1.67,1.49,1.54,1.32,1.05,1.14,1.3,1.29,1.26,1.34
2009,4201,1.35,1.3,1.11,1.07,0.86,0.92,0.73,1.26,1.31,1.51,1.26,1.14,1.15
2009,4301,0.72,0.7,0.84,1.03,0.85,0.89,0.93,0.98,0.99,0.86,0.84,0.85,0.87
2009,4501,2.53,2.42,1.92,2.59,2.29,2.34,1.97,1.56,1.55,1.71,1.76,2.09,2.06
2009,4802,1.29,1.66,1.37,1,0.96,1.19,1.22,1.7,1.95,1.67,1.62,1.49,1.43
2009,5001,1.36,1.98,2.04,2.03,2.19,2.51,1.47,1.64,1.3,1.75,1.36,1.25,1.74
2009,5201,1.07,1.03,1.11,0.99,0.8,0.66,0.61,0.64,0.63,0.75,0.83,0.83,0.83
2009,5301,0.66,0.82,0.73,0.89,0.8,0.63,0.45,0.35,0.33,0.32,0.36,0.48,0.57
2009,5401,0.5600000000000001,0.8,0.75,0.85,0.73,0.66,0.67,0.75,0.65,0.53,0.53,0.5,0.67
2009,5402,1.96,1.97,0,0,0,0,0,0,0,0,0,0,1.97
2009,5403,1,1.28,1.18,1.08,0.78,0.5,0.53,0.67,0.87,1.07,0.91,0.68,0.88
2009,5501,0,0,0,0,0.43,0.44,0,0,0,0,0,0,0.44
2009,7215,1.22,0,0,0,0,0,0,0,0,0,0.75,0.67,0.88
2009,7305,0.95,0.84,0.95,1.45,1.65,1.8,1.84,1.58,1.51,1.33,1.1,0.79,1.32
2009,7401,1.16,1.35,1.64,1.7,1.68,1.64,1.82,2.23,2.04,2.36,2.08,1.71,1.78
2010,101,2.26,2.35,1.54,1.73,1.84,2.78,2.36,2.32,1.38,1.36,1.33,1.32,1.88
2010,201,4.74,5.36,5.07,5.4,6.1,6.17,6.88,8.68,9.470000000000001,9.69,11.1,10.88,7.46
2010,202,2.59,2.48,1.15,1.13,1.18,2,3.79,4.58,6.11,7.84,8.109999999999999,2.68,3.64
2010,206,1.46,3.21,3.98,1.64,0.92,1.61,4.03,5.49,5.97,4.67,2.97,2.42,3.2
2010,208,6.59,10.5,9.210000000000001,7.96,6.64,8.91,7.83,7.78,8.699999999999999,8.99,8.880000000000001,9.19,8.43
2010,209,1.48,2.61,4.6,4.62,2.15,1.05,1.45,1.95,3.44,3.45,2.86,1.16,2.57
2010,211,5.9,6.41,6.01,6.78,7.07,7.37,6.3,6.26,6.77,7.78,7.47,8.449999999999999,6.88
2010,302,5.65,8.07,7.48,6.89,8.279999999999999,7.71,10.21,9.140000000000001,6.59,3.88,3.82,4.2,6.83
2010,303,6.42,9.4,8.65,8.449999999999999,9.94,10.17,13.68,16.69,0,5.25,5.5,5.32,9.039999999999999
2010,401,5.59,3.91,2.36,2.56,2.55,3.54,4.95,5.29,3.3,2.9,8.48,5.51,4.25
2010,502,2.67,3.02,2.92,3.03,3.55,3.83,3.69,3.97,4.14,3.39,3.19,3.32,3.39
2010,601,1.22,1.71,1.66,2,1.61,1.6,1.61,1.22,1.04,0.95,0.88,1.08,1.38
2010,701,3.73,4.56,2.49,2.54,3.41,2.25,1.4,1.7,1.42,1.21,1.49,1.72,2.33
2010,702,0,2.05,0,0,0,0,0,0,1.09,1.01,1.41,0,1.39
2010,703,0,0,0,0,0,0,0,0,1.09,0.9399999999999999,0,0,1.02
2010,704,3.09,2.91,1.81,1.9,2.02,1.45,1.13,1.4,1.07,0.9,1.14,1.31,1.68
2010,801,3,3.35,3.19,2.75,2.39,2.56,3.35,3.11,3.75,3.71,2.65,2.96,3.06
2010,901,1.29,2.23,1.54,1.19,1.24,2.3,1.84,1.4,0.79,0.71,1,1.07,1.38
2010,1002,1.82,2.1,1.73,1.41,1.57,1.72,1.5,1.36,1.37,1.41,1.49,1.3,1.57
2010,1201,0.73,0.6899999999999999,0.77,0.87,0.83,0.95,0.99,0.96,0.95,0.9399999999999999,0.8100000000000001,0.8,0.86
2010,1203,0.75,0.71,0.78,0.84,0.78,0.87,0.93,0.95,0.87,0.83,0.82,0.84,0.83
2010,1401,0.41,0.46,0.55,0.5600000000000001,0.9399999999999999,2.42,2.03,1.18,0.68,0.48,0.38,0.41,0.88
2010,1402,0.57,0.57,0.68,0.7,0.8,1.09,1.19,1.12,0.91,0.71,0.48,0.46,0.77
2010,1403,4.74,4.39,3.58,4.13,3.98,3.83,3.93,3.71,2.75,2.68,3.8,5.1,3.89
2010,1502,0.98,1.38,1.23,0.88,0.68,0.5600000000000001,0.59,0.62,0.68,1.32,0.63,0.5,0.84
2010,1503,0.82,0,0,0,0,0,0,0,0,0,0,0,0.82
2010,1601,0.95,1.11,1.06,0.9,0.8100000000000001,0.84,0.74,0.62,0.65,1.28,0.66,0.64,0.86
2010,1701,2.6,1.4,1.03,1.34,1.31,1.19,1.22,1.2,1.1,1.06,1.22,1.3,1.33
2010,1801,1.17,1.18,0.9399999999999999,0.97,0.98,1.52,2.1,1.93,0,0,0,0,1.35
2010,1802,0.95,0,0,0,0,2.02,2.11,1.97,1.16,0.73,0.85,0.88,1.33
2010,1804,1.56,1.53,1.19,1.46,1.52,2.04,2.74,2.57,1.77,1.33,1.66,1.63,1.75
2010,2001,3.89,3.71,4.04,3.51,3.85,4.83,4.04,5.61,4.37,3.43,3.54,3.62,4.04
2010,2101,1.45,1.71,2.14,2.16,2.14,1.89,1.64,1.68,1.41,1.94,2.24,1.8,1.85
2010,2201,2.32,2.98,3.3,2.94,2.41,2.49,2.47,2.36,2.56,2.1,1.73,1.57,2.44
2010,2202,0,0.99,0.8,0.73,0,0,0,0,0,0,0,0,0.84
2010,2207,5.12,4.82,4.82,4.83,4.78,4.38,4.36,4.31,0,0,0,0,4.68
2010,2404,0,0,0,0,0,0,1.48,0,1.35,1.12,0.74,0,1.17
2010,2405,1.12,1.25,1.07,0.64,0.75,1.17,1.4,1.56,1.72,1.49,0.96,0.66,1.15
2010,2501,1.44,2.06,1.62,2.03,1.86,1.79,1.6,1.58,1.41,1.52,1.36,1.34,1.63
2010,2601,6.72,8.460000000000001,11.63,13.93,8.73,7.23,6.47,5.58,4.18,3.06,3.69,6.71,7.2
2010,2602,2.13,3.02,3.42,2.84,2.12,2.25,3.09,5.61,2.33,2.42,2.48,3.22,2.91
2010,2603,5.52,6.55,5.08,5.54,4.71,4.34,5.69,4.7,3.68,3.5,5.14,4.84,4.94
2010,2615,1.31,1.59,1.36,1.45,1.31,1.15,0.9399999999999999,1,0.9399999999999999,1,1.02,1.02,1.17
2010,2617,2.56,2.17,2.27,2.34,2.52,2.5,2.57,2.49,2.37,2.56,2.36,2.46,2.43
2010,2618,1.78,1.86,1.91,1.8,1.82,1.6,1.46,1.81,1.52,1.93,1.94,1.57,1.75
2010,2701,1.56,1.71,1.62,2.43,2.19,2.49,2.05,2.06,1.7,1.98,1.89,1.69,1.95
2010,2801,1.58,2.07,1.67,1.49,1.24,1.17,1.08,0.97,1.1,1.39,1.55,1.57,1.41
2010,2803,2.5,3.03,2.76,2.86,2.27,1.97,1.73,1.66,1.78,2.11,2.12,2.18,2.25
2010,2804,1.19,1.15,0.98,1.08,1,0.84,0.8100000000000001,0.8,0.8,0.95,1.08,0.97,0.97
2010,2906,0,0,0,0,1.27,1.65,1.5,1.52,1.33,0.98,1.24,1.36,1.36
2010,2907,0,0,0,0,1.27,1.65,1.38,1.5,1.33,0.97,1.25,1.26,1.33
2010,3001,1.1,0.95,1.08,1.1,0.95,1.13,1.37,1.76,1.98,1.82,1.9,1.99,1.43
2010,3002,0.67,0.61,0.7,0.7,0.61,0.75,1,1.24,1.48,1.56,1.3,1.36,1
2010,3111,1.09,1.14,1.21,1.7,1.86,2.21,2.42,2.47,2.05,2.01,1.86,1.81,1.82
2010,3117,5.19,5.11,5.26,5.09,5.24,4.92,4.93,4.8,4.9,5.05,5.13,5.15,5.06
2010,3301,1.65,1.87,1.35,1.26,1.25,1.21,1.41,1.22,1.15,1.01,0.98,1.09,1.29
2010,3501,1.15,1.07,0.87,0.76,0.77,0.87,0.88,1,1.19,1.52,2.09,2.21,1.2
2010,3502,1.01,0.93,0.67,0.6,0.67,0.76,0.77,0.87,1.07,1.42,1.87,1.98,1.05
2010,3601,0,0,0.97,0.75,0.75,0.66,0,0,0.59,0,0,0,0.74
2010,3702,1.75,2.25,2.43,2.54,2.15,2.42,2.02,2.03,2.25,2,1.67,1.42,2.08
2010,3801,1.11,1.45,1.29,1.33,1.21,1.1,1.35,1.68,1.5,1.61,1.56,1.53,1.39
2010,3802,0.63,0.68,0.62,0.64,0.6899999999999999,0.8,1.04,1.05,0.93,0.73,0.66,0.55,0.75
2010,3803,0.66,0.67,0.63,0.7,0.74,0.86,1.15,1.03,0.78,0.53,0.44,0.47,0.72
2010,3804,0.87,0.91,0.85,0.87,0.86,0.9,1.11,1.11,1.1,1.26,1.7,1.55,1.09
2010,3806,0.91,0.95,0.95,1,0.96,1.05,1.28,1.4,1.39,1.51,1.55,1.38,1.19
2010,3807,0.7,0.66,0.62,0.65,0.6899999999999999,0.75,1.05,1.09,1.2,1.19,1.04,0.82,0.87
2010,3809,1.1,1.29,1.16,1.08,0.91,0.98,1.23,1.23,1.33,1.68,1.64,1.47,1.26
2010,3810,0.6,0.7,0.62,0.65,0.73,0.86,1.15,0.99,0.76,0.46,0.42,0.46,0.7
2010,3811,0.64,0.66,0.6,0.6,0.64,0.7,0.9,1.09,1.07,0.9399999999999999,0.83,0.6,0.77
2010,3813,0.61,0.64,0.53,0.5600000000000001,0.66,0.82,1.12,0.97,0.72,0.45,0.39,0.44,0.66
2010,3817,0.6899999999999999,0.68,0.68,0.74,0.76,0.87,1.15,1.07,0.82,0.57,0.47,0.49,0.75
2010,3818,0,0,0,0,0,0,0.88,0.97,1.05,0,0,0,0.97
2010,4001,1.25,1.11,0.87,0.86,0.91,1.02,1.06,1.15,1.15,0.96,1.06,0.96,1.03
2010,4101,1.4,1.73,1.37,1.58,1.49,1.24,1.14,1.28,1.26,1.5,1.34,1.34,1.39
2010,4201,1.05,1.16,1.22,1.17,1.6,1.91,2.5,1.91,0.78,1.01,0.88,0.71,1.33
2010,4301,0.89,1.06,1.16,1.4,1.47,1.35,1.29,1.33,1.17,0.85,0.78,0.68,1.12
2010,4501,3.25,2.98,2.37,2.03,2.5,3.48,3.15,1.99,1.62,1.66,2.07,2.17,2.44
2010,4802,1.35,1.48,1.37,1.45,1.76,1.82,1.54,1.44,1.38,1.3,1.23,1.36,1.46
2010,5001,1.12,1.49,2.88,3.06,2.82,2.75,2.39,2.62,2.48,1.2,0.88,1.02,2.06
2010,5201,0.91,0.92,1.02,0.9,0.73,0.6899999999999999,0.67,0.8,0.83,0.84,1.23,1.3,0.9
2010,5301,0.59,0.62,0.78,0.67,0.87,0.96,0.6,0.47,0.35,0.33,0.3,0.29,0.57
2010,5401,0.68,0.98,0.98,1.17,0.89,1.04,0.82,0.79,0.57,0.52,0.52,0.6,0.8
2010,5403,0.76,0.72,0.82,1.04,1.41,1.3,0.95,0.8,0.83,0.67,0.6899999999999999,0.65,0.89
2010,7215,0.84,1.32,0,0,0,0,0,0,0,0,0.84,0.63,0.91
2010,7305,0.78,0.82,1.04,1.26,1.36,1.44,1.49,1.52,1.55,1.13,1.07,0.98,1.2
2010,7401,1.39,1.48,1.56,1.72,1.63,1.64,1.44,1.13,0.95,0.93,1.22,1.05,1.35
2011,101,1.68,2.4,2.63,2.31,2.33,2.4,3.57,2.63,2.3,1.91,1.85,1.96,2.33
2011,201,9.5,9.67,8.779999999999999,8.68,8.66,9.289999999999999,9.42,9.44,9.75,10.31,10.94,9.470000000000001,9.49
2011,202,1.34,1.27,1.23,2.06,3.41,2.6,2.29,2.7,2.34,2.41,2.62,2.19,2.21
2011,206,2.55,6.47,6.5,3.51,2.73,2.24,2.07,2.37,3.31,2.21,1.43,1.83,3.1
2011,208,9.539999999999999,11.84,10.47,8.66,8.02,7.64,8.09,7.77,7.3,7.48,7.69,7.75,8.52
2011,209,1.01,1.27,1.86,2.75,3.88,3.72,2.39,1.09,1.2,1.99,1.6,1.51,2.02
2011,211,7.6,7.81,7.67,8.279999999999999,7.94,8.4,7.88,7.52,7.53,7.76,6.96,7.5,7.74
2011,302,4.12,3.73,4.11,4.28,4.16,4.57,3.5,2.37,1.74,1.43,1.4,1.06,3.04
2011,303,5.31,4.99,5.73,5.72,5.73,6.8,7.33,5.94,4.47,4.16,3.89,2.21,5.19
2011,401,3.05,4.5,4.64,3.74,3.64,4.05,6.02,5.92,5.25,3.29,3.07,3.08,4.19
2011,502,2.29,2.25,2.41,2.46,2.61,4.03,5.26,4.31,3.62,3.79,3.36,3.88,3.36
2011,601,0.93,1.01,1.24,1.19,1.22,1.44,1.86,1.68,1.4,1.6,1.1,1.18,1.32
2011,701,1.92,2.46,2.94,2.69,2.12,2.07,1.54,1.46,1.47,2.17,2.57,1.99,2.12
2011,702,0,0,0,0,0,0,0,0,1.62,1.91,2.19,2.07,0.65
2011,704,1.51,1.94,2.15,2.05,1.59,1.53,1.13,1.29,1.31,1.63,2.05,1.48,1.64
2011,801,2.74,2.49,2.18,2.28,2.64,3.38,4.22,3.95,4.1,3.53,3.02,3.42,3.16
2011,901,0.83,1.39,2.07,2.51,2.08,2.11,2.64,2.68,2.12,1.38,1,1.16,1.83
2011,1002,1.67,2.15,1.97,1.67,1.49,1.87,1.83,1.92,1.9,1.63,1.61,2.01,1.81
2011,1201,0.68,0.54,0.52,0.57,0.57,0.58,0.6,0.91,1.06,1.06,1.08,1.19,0.78
2011,1203,0.73,0.53,0.5,0.52,0.54,0.5,0.6,0.76,0.9,0.99,0.98,0.92,0.71
2011,1401,0.48,0.63,0,0,0,0,0,0.49,0.41,0.4,0.47,0.52,0.28
2011,1402,0.51,0.64,0.9399999999999999,1.24,1.1,0.99,0.8100000000000001,0.59,0.66,0.76,0.87,0.73,0.82
2011,1403,4.16,4.42,4.29,4.48,3.68,3.93,4.53,5.3,3.91,4.05,4.06,1.89,4.06
2011,1502,0.48,0.46,0.6,0.83,0.75,0.8,0.89,0.99,0.74,0.73,0.6899999999999999,0.62,0.71
2011,1503,0,0,0,0,0,0,0,0,0,0,0.87,0.88,0.15
2011,1601,0.66,0.97,1.1,0.97,0.9399999999999999,0.83,0.91,0.88,0.89,0.98,0.97,0.92,0.92
2011,1701,1.82,1.98,1.65,1.36,1.48,1.9,2.37,1.22,1.04,1.16,1.21,1.28,1.54
2011,1801,0,0,1.12,1.39,1.44,1.3,1.49,1.29,1.16,0,0,0,0.77
2011,1802,0,0,0,0,0,1.52,1.72,1.5,1.54,1.85,1.5,1.97,0.97
2011,1804,1.69,1.76,1.58,1.71,1.84,1.99,2.15,1.94,2.07,2.48,2.25,2.61,2.01
2011,2001,3.55,4.06,5.11,4.49,5.31,5.15,5.87,5.48,5.2,4.15,3.67,3.82,4.66
2011,2101,1.69,1.81,2.4,1.89,2.13,2.21,2.63,2.2,1.65,1.72,1.94,2.57,2.07
2011,2201,1.47,1.94,2.29,2.57,2.29,2.23,2.47,2.33,2.11,2.15,2.43,1.62,2.16
2011,2202,0.5600000000000001,0.58,0,0,0,0.76,0,0,0,0,1.1,0,0.25
2011,2404,0,0,0,0,0,0,0,0,0,0.88,1.09,0,0.16
2011,2405,0.66,0.78,0.8100000000000001,0.76,0.72,0.89,0.91,0.98,0.97,1.1,1.25,0.9,0.89
2011,2501,1.44,1.88,1.77,1.76,1.91,1.76,1.98,2.23,1.53,1.5,1.63,1.58,1.75
2011,2601,8.43,7.88,7.1,6.33,8.890000000000001,6.59,8.050000000000001,7.5,5.58,5.02,4.71,7.12,6.93
2011,2602,2.7,2.66,2.74,2.06,2.22,2.23,2.24,2.3,2.12,2.07,1.98,2.33,2.3
2011,2603,4.75,6.44,4.95,5.09,5.16,5.08,4.91,4.85,4.77,5.31,3.8,4.85,5
2011,2615,1.12,1.23,1.28,1.98,2.61,2.23,2,1.92,1.73,1.87,2.78,2.28,1.92
2011,2617,2.69,2.75,2.75,2.83,2.98,2.68,2.75,2.67,2.61,2.64,2.51,2.58,2.7
2011,2618,1.73,2.21,2.26,1.96,1.87,1.6,2.31,2.18,1.59,1.54,1.83,1.71,1.9
2011,2701,1.67,2.26,2.05,1.86,2.33,2.08,2.49,1.96,1.85,1.99,2.15,2.78,2.12
2011,2801,1.35,1.46,1.61,1.67,1.68,1.73,1.91,1.66,1.21,1.1,1.17,1.22,1.48
2011,2803,2,2.38,2.36,2.34,2.35,2.37,3.2,2.2,1.96,1.72,2.05,2.11,2.25
2011,2804,0.91,1.26,1.14,1.1,1.08,1.27,1.67,1.33,0.99,0.83,0.91,0.98,1.12
2011,2906,1.27,0,0,0,0.91,1.33,1.43,1.09,1.46,1.16,0.83,1.62,0.93
2011,2907,1.27,0,0,0,1.07,1.54,1.52,1.32,1.27,1.26,0,1.53,0.9
2011,3001,1.69,1.32,1.58,1.44,1.21,1.49,1.65,1.47,1.69,2.02,2.34,2.37,1.69
2011,3002,1.1,0.78,0.95,0.92,0.75,0.87,0.99,1.02,1.29,1.4,1.94,1.75,1.15
2011,3111,1.8,2.07,2.57,2.38,2.25,2.15,1.96,2.08,2.14,2.2,2.27,2.09,2.16
2011,3117,5.99,6.53,6.74,6.55,6.61,6.6,6.32,6.35,6.35,6.23,6.55,6.91,6.48
2011,3301,1.22,1.68,1.25,1.18,1.68,1.7,1.98,1.66,1.29,1.3,1.28,1.26,1.46
2011,3501,2.01,1.32,1.02,0.8100000000000001,0.84,0.93,1.06,1.16,1.17,1.42,1.49,1.19,1.2
2011,3502,1.79,1.09,0.75,0.6,0.64,0.73,0.88,0.99,1.07,1.36,1.4,1.1,1.03
2011,3601,0,0,0.77,0.75,0.71,0.68,0,0,0,0,0,0,0.24
2011,3702,1.29,1.47,1.98,2.06,1.88,1.89,1.93,2.27,2.37,2.11,1.88,1.37,1.88
2011,3801,1.45,1.4,1.14,1.1,1.01,1.17,1.24,1.15,1.18,0.97,1.01,0.9399999999999999,1.15
2011,3802,0.55,0.66,0.58,0.64,0.63,0.72,0.6899999999999999,0.62,0.71,0.79,0.84,0.77,0.68
2011,3803,0.57,0.68,0.61,0.72,0.6899999999999999,0.77,0.7,0.65,0.76,0.97,0.96,0.83,0.74
2011,3804,1.36,1.23,1.02,1.07,0.91,0.9399999999999999,0.99,0.91,0.92,1.02,1.19,1.26,1.07
2011,3806,1.16,1.07,1,1.04,0.86,0.98,1.04,1.11,1.13,1.01,1.07,0.89,1.03
2011,3807,0.66,0.66,0.62,0.6899999999999999,0.7,0.74,0.72,0.6899999999999999,0.74,0.87,0.87,0.8100000000000001,0.73
2011,3809,1.34,1.26,1.07,1.09,0.92,0.98,1.02,0.95,1.02,1.13,1.25,0.93,1.08
2011,3810,0.48,0.72,0.63,0.65,0.64,0.71,0.67,0.61,0.74,0.89,0.86,0.79,0.7
2011,3811,0.57,0.58,0.54,0.62,0.63,0.73,0.6899999999999999,0.63,0.68,0.6899999999999999,0.8,0.75,0.66
2011,3813,0.54,0.66,0.59,0.67,0.65,0.73,0.66,0.63,0.76,0.9399999999999999,0.92,0.8,0.71
2011,3817,0.59,0.6899999999999999,0.63,0.75,0.71,0.79,0.73,0.67,0.76,1.01,0.96,0.87,0.76
2011,3818,0,0.48,0,0,0,0,0,0,0,0,0,0,0.04
2011,4001,0.72,1,1.03,0.87,0.83,1.17,1.66,1.72,1.24,1.15,1.04,1.16,1.13
2011,4101,1.58,1.77,2.46,1.91,1.67,1.36,1.75,1.85,1.46,1.43,1.49,1.56,1.69
2011,4201,1.02,0.71,1.34,1.19,0.87,0.75,1.35,2.25,2.58,2.75,2.62,1.7,1.59
2011,4301,0.67,0.73,0.97,0.91,0.9,0.89,0.93,0.87,0.85,0.88,0.84,0.89,0.86
2011,4501,2.21,2.63,3.16,2.63,2.93,3.57,4.1,2.53,2.42,2.71,2.46,3.34,2.89
2011,4802,1.33,1.5,1.44,1.3,1.11,1.04,1.45,1.49,1.46,1.72,1.53,1.37,1.4
2011,5001,1.34,1.65,1.57,1.22,1.13,1.75,2.38,1.87,1.63,1.99,1.33,1.37,1.6
2011,5201,1.38,1.32,1.31,1.19,0.99,0.9,0.85,0.85,0.84,0.84,0.89,1.07,1.04
2011,5202,1.09,1,1.08,0.99,0,0,0,0,0,0,0,0,0.35
2011,5301,0.46,0.5600000000000001,0.8,0.82,0.7,0.61,0.65,0.96,1.13,1.39,1.27,0.93,0.86
2011,5401,0.7,0.71,0.83,0.74,0.8100000000000001,1.72,1.54,0.96,0.83,0.61,0.57,0.65,0.89
2011,5403,0.89,0.99,1.18,1.36,0.9399999999999999,0.72,1.05,1.89,1.99,1.76,1.34,0.78,1.24
2011,7215,0.77,0.89,1.05,0,0,0,0,0,0,1.23,0,1.1,0.42
2011,7305,1,1.24,1.3,1.23,0.99,1.33,1.43,1.57,1.55,1.46,0.86,1.29,1.27
2011,7401,1,0.95,0.89,0.8100000000000001,0.78,0.85,0.86,0.96,1.06,1.33,1.59,1.84,1.08
2012,101,2.24,2.4,2.42,2.65,2.66,2.8,3.27,3.03,0,0,0,0,2.68
2012,201,9.380000000000001,8.92,8.1,6.9,6.54,6.83,6.38,5.63,0,0,0,0,7.34
2012,202,1.67,1.72,1.61,1.78,1.25,1.03,1,1.03,0,0,0,0,1.39
2012,206,2.4,2.49,1.81,2.06,2.38,2.81,3.54,5.65,0,0,0,0,2.89
2012,208,7.67,8.57,8.970000000000001,8.98,8.390000000000001,8,7.42,7.67,0,0,0,0,8.210000000000001
2012,209,2.06,1.88,2.26,1.58,2.23,2.86,3.2,3.01,0,0,0,0,2.39
2012,211,6.96,6.07,5.95,5.97,5.63,5.33,6.11,6.59,0,0,0,0,6.08
2012,302,0.96,0.91,0.87,0.73,0.91,1.48,1.79,2.61,0,0,0,0,1.28
2012,303,1.99,2.18,2.12,1.98,1.91,2.97,3.7,3.71,0,0,0,0,2.57
2012,401,2.97,3.46,3.32,3.28,2.72,2.86,3.23,3.78,0,0,0,0,3.2
2012,502,3.39,2.98,2.78,2.68,3.54,3.42,3.22,3.49,0,0,0,0,3.19
2012,601,1.01,1.38,1.49,1.63,1.54,1.27,1.38,1.61,0,0,0,0,1.41
2012,701,1.71,2.29,2.38,2.16,3.09,2.08,1.44,2.2,0,0,0,0,2.17
2012,702,0,0,0,0,0,1.75,0,2.28,0,0,0,0,2.01
2012,703,0,0,0,0,0,0,0,2.15,0,0,0,0,2.15
2012,704,1.42,1.77,1.75,1.63,2.4,1.49,1.07,1.82,0,0,0,0,1.67
2012,801,2.91,2.68,3.21,2.97,2.98,3.59,4.65,4.13,0,0,0,0,3.39
2012,901,1.24,1.51,1.49,1.6,2.13,1.73,1.68,1.42,0,0,0,0,1.6
2012,1002,2.18,1.93,2.43,1.88,1.63,1.4,1.33,1.32,0,0,0,0,1.76
2012,1201,1.05,1.16,1.17,1.22,1.31,1.26,1.22,1,0,0,0,0,1.17
2012,1203,0.97,1.15,1.22,1.38,1.4,1.25,1.42,1.1,0,0,0,0,1.24
2012,1401,0.62,0.95,0,0,2.54,1.45,1.41,1.13,0,0,0,0,1.35
2012,1402,0.85,0.9,0.9399999999999999,1.2,1.36,1.71,2.3,2.78,0,0,0,0,1.51
2012,1403,1.84,1.54,1.78,2.06,2.02,1.26,1.23,1.41,0,0,0,0,1.64
2012,1502,0.75,0.96,1.04,1.1,1.24,0.85,0.6899999999999999,0.66,0,0,0,0,0.91
2012,1503,0.92,0,0,0,0,0,0,0,0,0,0,0,0.92
2012,1601,1.05,1.13,1.11,1.1,0.9,0.91,0.9399999999999999,0.99,0,0,0,0,1.02
2012,1701,1.93,1.62,1.6,3.4,1.61,1.69,1.61,1.4,0,0,0,0,1.86
2012,1801,0,0,0,0,1.04,1.09,1.4,1.85,0,0,0,0,1.35
2012,1802,1.59,0,0,0,0,1.29,1.76,2.38,0,0,0,0,1.76
2012,1804,2.42,1.7,1.73,1.68,1.7,2.03,2.6,2.97,0,0,0,0,2.1
2012,2001,4.87,4.97,6.27,5.72,5.81,6.65,6.41,6.32,0,0,0,0,5.88
2012,2101,2.25,1.95,2.18,2.2,2.83,2.78,3.14,2.89,0,0,0,0,2.53
2012,2201,1.65,2.77,2.23,2.62,2.49,2.45,3.06,3.18,0,0,0,0,2.56
2012,2202,0.73,0.89,0.73,0.6899999999999999,0.76,0,0,0,0,0,0,0,0.76
2012,2405,0.96,1.1,1.03,0.85,0.67,0.98,1.05,1.03,0,0,0,0,0.96
2012,2501,1.63,1.54,2.22,2.63,2.71,2.17,2.26,2.12,0,0,0,0,2.16
2012,2601,9.869999999999999,12.34,16.78,19.59,10.63,5.24,5.73,4.77,0,0,0,0,10.62
2012,2602,2.63,2.98,4.33,2.83,2.51,3.56,3.57,2.7,0,0,0,0,3.14
2012,2603,6.04,7.2,5.78,6.07,5.24,5.48,6.18,6.45,0,0,0,0,6.06
2012,2615,3.47,3.3,3.58,3.72,3.4,2.75,2.25,2.01,0,0,0,0,3.06
2012,2617,2.56,2.75,2.84,2.75,2.83,2.78,2.75,2.58,0,0,0,0,2.73
2012,2618,1.87,2.64,2.64,2.57,2.56,2.12,2.21,2.38,0,0,0,0,2.37
2012,2701,1.88,2.14,2.28,2.55,2.28,2.54,2.84,2.57,0,0,0,0,2.39
2012,2801,1.29,1.74,1.78,2.14,1.87,1.61,1.87,1.53,0,0,0,0,1.73
2012,2803,2.5,2.99,3.4,3.45,2.75,2.77,2.8,2.37,0,0,0,0,2.88
2012,2804,1.17,1.41,1.36,1.57,1.62,1.43,1.29,1.16,0,0,0,0,1.38
2012,2906,1.53,0,0,2.4,1.68,1.41,1.4,1.66,0,0,0,0,1.68
2012,2907,1.37,0,0,0,1.86,1.45,1.4,1.43,0,0,0,0,1.5
2012,3001,1.95,1.51,1.5,1.37,1.44,1.89,2.35,3.56,0,0,0,0,1.95
2012,3002,1.23,0.9399999999999999,0.99,0.92,0.98,1.35,2.12,3.23,0,0,0,0,1.47
2012,3111,2.15,2.43,2.63,2.93,2.78,2.93,3.35,3.16,0,0,0,0,2.8
2012,3117,7.83,8.789999999999999,9.9,8.98,9.48,9.720000000000001,10.07,9.77,0,0,0,0,9.32
2012,3301,1.32,1.4,1.33,1.48,1.78,1.45,1.75,1.39,0,0,0,0,1.49
2012,3501,0.73,0.8,0.92,1.02,0.85,0.82,0.85,0.92,0,0,0,0,0.86
2012,3502,0.67,0.83,0.98,1.12,0.89,0.83,0.86,0.97,0,0,0,0,0.89
2012,3601,0,0,0.92,0.79,0.67,0.63,0.65,0.77,0,0,0,0,0.74
2012,3702,1.5,1.64,2.1,1.87,1.67,2.33,1.73,1.95,0,0,0,0,1.85
2012,3801,0.85,1.07,1.05,1.27,1.2,1.22,1.24,2.24,0,0,0,0,1.27
2012,3802,0.7,0.88,0.77,0.72,0.62,0.61,0.64,0.62,0,0,0,0,0.7
2012,3803,0.82,0.99,0.78,0.76,0.6899999999999999,0.71,0.75,0.73,0,0,0,0,0.78
2012,3804,1.03,0.97,0.9,0.9,0.87,0.88,0.86,0.9399999999999999,0,0,0,0,0.92
2012,3806,0.73,0.93,0.85,0.88,0.82,0.87,0.88,1.19,0,0,0,0,0.89
2012,3807,0.78,0.9,0.76,0.76,0.73,0.71,0.7,0.76,0,0,0,0,0.76
2012,3809,0.85,0.9399999999999999,1.04,1.02,0.95,0.92,0.91,1.22,0,0,0,0,0.98
2012,3810,0.78,0.97,0.76,0.7,0.6,0.6,0.7,0.59,0,0,0,0,0.71
2012,3811,0.63,0.79,0.8,0.77,0.67,0.63,0.6,0.65,0,0,0,0,0.6899999999999999
2012,3813,0.8100000000000001,1,0.78,0.73,0.7,0.74,0.74,0.67,0,0,0,0,0.77
2012,3817,0.85,1,0.8100000000000001,0.8,0.7,0.7,0.77,0.79,0,0,0,0,0.8
2012,3818,0,0,0,0.71,0,0.95,0,0,0,0,0,0,0.83
2012,4001,1.03,0.92,1.1,1.14,1.03,1.7,1.28,1.5,0,0,0,0,1.21
2012,4101,1.51,1.85,2.34,2.16,2,1.08,1.65,1.54,0,0,0,0,1.77
2012,4201,2.42,2.57,1.41,1.34,1.67,1.88,1.18,1.69,0,0,0,0,1.77
2012,4301,0.88,1.35,1.81,2.22,1.97,3.36,2.16,1.95,0,0,0,0,1.96
2012,4501,3.35,4.09,3.02,2.92,3.61,0,3.94,3.62,0,0,0,0,3.51
2012,4802,1.5,1.31,1.18,1.75,1.32,1.12,1.42,1.26,0,0,0,0,1.36
2012,5001,1.49,1.58,2.18,2.71,2.93,1.86,1.17,1.47,0,0,0,0,1.92
2012,5201,1.12,1.16,1.22,1.21,1.18,1.09,1.02,1.03,0,0,0,0,1.13
2012,5202,0,0,0,0.98,1.02,0,0,0,0,0,0,0,1
2012,5301,0.86,1.09,1.25,0.89,0.72,0.64,0.63,0.54,0,0,0,0,0.83
2012,5401,0.87,0.84,0.89,0.9399999999999999,0.97,1.24,1.18,0.93,0,0,0,0,0.98
2012,5403,0.78,0.91,1.18,1.3,1.18,0.88,0.82,0.95,0,0,0,0,1
2012,7215,1.89,1.29,1.11,1.16,0,0,0,0,0,0,0,0,1.36
2012,7305,1.39,1.37,1.19,1.34,1.61,2.22,2.65,2.45,0,0,0,0,1.78
2012,7401,1.43,1.31,1.08,1.39,1.37,1.3,1.26,1.47,0,0,0,0,1.33
